id,0,1,2,3,4,5,6,7,8,9,10,11,12,13,14,15,16,17,18,19,20,21,22,23,24,25,26,27,28,29,30,31,32,33,34,35,36,37,38,39,40,41,42,43,44,45,46,47,48,49,50,51,52,53,54,55,56,57,58,59,60,61,62,63,64,65,66,67,68,69,70,71,72,73,74,75,76,77,78,79,80,81,82,83,84,85,86,87,88,89,90,91,92,93,94,95,96,97,98,99,100,101,102,103,104,105,106,107,108,109,110,111,112,113,114,115,116,117,118,119,120,121,122,123,124,125,126,127,total,percentage,percentage_excluding_air
gilded_blackstone,0,0,0,0,0,0,0,0,0,0,0,0,0,0,0,0,0,0,0,0,0,0,0,0,0,0,0,0,0,81,85,531,1824,1563,1416,1640,1363,1566,1314,1426,1333,1369,1184,1239,1460,1265,1322,1362,1554,1398,1440,1388,1518,1240,1233,1209,1072,855,81,33,0,35,46,43,46,23,115,177,101,7,34,216,629,81,106,19,33,34,10,69,11,238,41,63,21,73,23,4,14,56,77,54,40,14,4,10,0,0,0,0,0,0,0,0,0,0,0,0,0,0,0,0,0,0,0,0,0,0,0,0,0,0,0,0,0,0,0,0,38931,0.00029702,0.0004115168
warped_roots,0,0,0,0,0,0,0,0,0,0,0,0,0,0,0,0,0,0,0,0,0,0,0,0,0,0,0,0,0,0,0,0,12800,10990,14163,15781,18493,17537,14366,11859,9864,8410,10649,12392,13099,12478,12957,11115,9125,11630,16126,17639,16548,20670,18380,14415,8641,11262,15562,16048,16591,13847,11754,9404,7946,7584,9643,11274,13864,13201,10488,8968,6865,3873,5840,6282,7521,6883,6159,5407,4182,6490,8732,14177,20332,19857,16491,16441,10648,9712,12035,14948,17079,19375,16365,13545,12536,5591,8824,10918,11374,11104,9700,7579,5551,44,29,17,9,53,39,221,325,0,0,0,0,0,0,0,0,0,0,0,0,0,0,0,870716,0.0066430359,0.0092038296
soul_sand,0,57120,116937,175392,233555,292560,289059,285204,286376,286509,287643,289518,291732,291024,290339,290764,301189,390801,720881,1447802,2501140,3343181,3174163,2040365,629897,1085254,1716080,2249992,2584033,2273766,1927040,1521577,1189763,890436,685053,807846,825250,794868,706554,599184,536938,553885,609917,642340,637972,597255,562656,539606,571283,638017,731040,777826,782879,724730,643273,539212,516726,563889,658836,722447,730398,680394,593600,527084,491061,490153,528323,546180,536268,502177,443621,385848,355213,349580,371787,363520,351286,335993,327064,359418,411574,518686,628886,736541,788464,750760,657790,580091,534377,546750,587132,658935,721686,714145,630158,534899,455498,452324,481989,496865,480249,462478,385041,280628,181356,431019,719064,988907,1265446,1499855,1499664,1278674,996075,806664,540131,288234,104975,30114,4483,4,0,0,166,56205,749212,1960952,1593956,0,88480644,0.6750537415,0.9352771419
nether_gold_ore,0,0,0,0,0,0,0,28446,133871,234519,262025,262469,261123,261393,259762,256307,257187,262028,257357,246945,235932,223334,199559,164638,122853,116314,111325,105244,100565,101912,105375,107915,110365,114018,117308,120037,126716,131616,136398,139047,139456,140186,139311,138919,138142,136634,138547,141240,140550,138078,137040,137084,136655,134665,135375,136958,136822,133178,130760,130731,131449,130051,131666,134695,136613,135303,131329,131783,133396,136388,134709,135847,134332,133489,134615,133424,134317,135463,134944,132259,131207,134774,132585,132509,131945,131237,132046,136027,138420,138051,135781,136366,135758,137937,137897,135513,141103,141896,139508,140497,142387,142892,143372,142068,141845,153824,168452,177998,193597,213666,232716,250214,263229,268622,270330,245301,140227,29395,0,0,0,0,0,0,0,0,0,0,17131498,0.1307029572,0.1810870464
weeping_vines,0,0,0,0,0,0,0,0,0,0,0,0,0,0,0,0,0,0,0,0,0,0,0,0,0,0,0,0,0,0,0,0,9207,5360,7087,9217,10593,11546,12060,10866,10116,9993,10090,10224,10963,10866,10466,9280,7945,8988,9811,10473,11811,12478,12474,10532,8953,10837,11247,12426,12430,12694,11371,10627,9622,9787,10885,10477,10631,10589,10329,9529,8218,7993,7659,7825,8056,7650,7250,6677,5769,6701,8032,10250,11596,12661,12557,11391,10054,10740,11612,12635,13416,14203,13827,12769,12158,10367,11151,12202,12512,12207,10453,8952,7382,5735,4847,3774,2673,1650,1272,1045,639,554,366,362,386,374,427,662,239,0,0,0,0,0,0,0,776810,0.00592659,0.0082112042
weeping_vines_plant,0,0,0,0,0,0,0,0,0,0,0,0,0,0,0,0,0,0,0,0,0,0,0,0,0,0,0,0,0,0,0,0,0,7931,11304,14990,19324,22869,25668,28197,28476,26271,24509,23621,23255,23705,24398,24731,23829,21449,20494,21005,21749,24040,26544,28023,27517,24484,24136,24867,26146,27151,28886,28733,27172,25003,23443,23279,23176,23055,23181,23271,22788,21034,19268,18497,17865,17801,17349,17079,16485,15094,14905,16477,19658,23577,27305,29496,29572,27240,25792,25764,26798,28478,30109,31497,31007,30280,27976,26962,27802,29164,30164,29854,28182,24722,20769,17469,13458,8713,5747,3964,2807,1496,1273,1215,1307,1435,1470,1559,1769,0,0,0,0,0,0,0,1830374,0.0139646454,0.0193478131
nether_brick_fence,0,0,0,0,0,0,0,0,0,0,0,0,0,0,0,0,0,0,0,0,0,0,0,0,0,0,0,0,0,0,0,0,0,0,0,0,0,0,0,0,0,0,0,0,0,0,0,0,0,934,1332,4373,5178,4570,23812,26821,11948,8867,15157,15173,7926,27280,31947,19621,12065,24052,21743,5306,15129,20558,19138,10079,12147,9587,3610,7124,6986,7189,3614,1712,1369,513,2081,2314,2894,2150,25,72,232,514,550,382,36,0,0,72,0,0,0,0,0,0,0,0,0,0,0,0,0,0,0,0,0,0,0,0,0,0,0,0,0,0,0,0,0,0,0,0,398182,0.0030378876,0.0042089491
glowstone,0,0,0,0,0,0,0,0,0,0,0,0,0,0,0,0,0,0,0,0,0,0,0,0,0,0,0,0,0,0,0,0,12390,13128,13656,13859,12890,12152,10517,10268,12222,12858,13827,12785,10779,9241,8828,10398,13276,15016,15477,14391,14508,12019,11377,10807,14239,14214,13557,13839,12606,10226,8846,8387,10741,11287,11336,10091,9260,6788,5989,5595,7010,6765,6229,6124,6693,6804,8335,11444,16365,17931,17350,17924,14390,11511,10567,10352,12863,13447,15203,15822,13092,12212,10470,7965,7874,8713,9394,10279,10762,12211,18553,27830,44099,49242,53525,57171,48159,38652,27167,22202,16146,7331,3903,4007,5913,9267,13777,18217,24320,0,0,0,0,0,0,0,1289252,0.0098362122,0.0136279289
brown_mushroom,0,0,0,0,0,0,0,0,0,0,0,0,0,0,0,0,0,0,0,0,0,0,0,0,0,0,0,0,0,0,0,0,1001,1071,1108,1123,1301,1125,1143,1142,1036,888,916,1002,1191,1038,1083,1006,781,1023,1137,1043,1199,1152,877,801,873,1041,1242,1169,1218,1085,1040,955,760,729,901,1130,1158,1100,848,810,863,756,655,642,742,672,530,580,600,755,905,866,1213,1130,1151,1041,819,1176,921,1000,997,1233,1070,1241,831,844,895,940,868,596,577,767,615,193,212,247,230,182,266,261,318,276,179,288,254,252,184,197,204,0,0,0,0,0,0,0,73480,0.0005606079,0.0007767141
smooth_quartz,0,0,0,0,0,0,0,0,0,0,0,0,0,0,0,0,0,0,0,0,0,0,0,0,0,0,0,0,0,0,0,0,0,0,0,0,0,0,0,0,0,0,0,0,0,0,0,0,0,0,0,0,0,0,0,0,0,0,0,0,0,0,0,0,0,0,146,0,0,0,0,0,0,0,0,0,0,0,0,0,0,0,0,0,0,0,0,0,0,0,0,0,0,0,0,0,0,0,0,0,0,0,0,0,0,0,0,0,0,0,0,0,0,0,0,0,0,0,0,0,0,0,0,0,0,0,0,0,146,0.0000011139,0.0000015433
polished_blackstone,0,0,0,0,0,0,0,0,0,0,0,0,0,0,0,0,0,0,0,0,0,0,0,0,0,0,0,0,25,49,36,0,8,16,0,15,0,3,0,0,0,12,0,0,0,0,0,4,0,48,0,0,0,0,0,0,3,17,30,0,3,0,0,0,0,28,0,0,0,15,12,0,0,0,0,0,0,0,0,0,34,0,0,5,0,30,0,0,18,0,0,0,0,0,0,2,0,0,0,0,0,0,0,0,0,0,0,0,0,0,0,0,0,0,0,0,0,0,0,0,0,0,0,0,0,0,0,0,413,0.0000031509,0.0000043656
nether_wart,0,0,0,0,0,0,0,0,0,0,0,0,0,0,0,0,0,0,0,0,0,0,0,0,0,0,0,0,0,0,0,0,0,0,276,0,0,0,0,0,0,0,0,0,0,0,0,0,0,0,0,0,0,2137,0,0,420,660,40,140,2466,220,0,0,100,234,0,1086,440,0,0,0,100,120,160,180,0,0,0,0,0,0,0,0,0,0,0,0,0,0,0,0,0,0,0,0,0,0,0,0,0,0,0,0,0,0,0,0,0,0,0,0,0,0,0,0,0,0,0,0,0,0,0,0,0,0,0,0,8779,0.0000669785,0.0000927977
fire,0,0,0,0,0,0,0,0,0,0,0,0,0,0,0,0,0,0,0,0,0,0,0,0,0,0,0,0,0,0,0,0,1989,1554,1501,3897,4160,4152,3529,3721,3256,3159,3761,3369,3747,3543,3081,2806,2443,3675,4432,4499,4301,4166,3861,3414,2804,3667,3736,4377,4132,3601,3575,3119,3104,3332,3213,3385,3081,2854,2836,2748,2731,2313,2054,2286,2401,2153,2105,2002,2020,3204,3268,3913,4567,4361,3982,3337,3267,3185,3773,3935,4017,3710,3633,3370,3230,2556,2899,2995,3558,3373,2579,2412,2442,1006,1026,1007,976,1210,1321,1349,1503,1488,1484,1391,1539,1362,1322,1286,1157,0,0,0,0,0,0,0,257638,0.0019656219,0.0027233406
crying_obsidian,0,0,0,0,0,0,0,0,0,0,0,0,0,0,0,0,0,0,0,0,0,0,0,0,0,0,0,0,15,24,77,35,52,38,51,43,18,45,24,13,22,36,15,10,6,10,6,9,15,8,41,6,21,0,20,17,15,13,5,16,14,21,31,10,18,1,12,2,5,3,2,18,4,14,7,10,6,6,6,0,0,22,5,19,16,28,6,22,0,26,6,6,2,19,18,5,5,6,16,1,1,6,16,10,6,0,10,0,0,0,0,0,0,0,0,0,0,0,0,0,0,0,0,0,0,0,0,0,1193,0.0000091019,0.0000126105
chiseled_polished_blackstone,0,0,0,0,0,0,0,0,0,0,0,0,0,0,0,0,0,0,0,0,0,0,0,0,0,0,0,0,4,9,10,23,23,603,83,162,261,759,191,174,128,4,0,285,43,158,219,437,279,4,280,150,7,6,216,288,0,4,2,3,0,0,0,9,2,240,50,5,294,9,0,126,4,165,128,15,0,0,0,0,0,0,18,0,14,7,0,4,4,0,6,0,0,0,0,0,0,0,0,0,0,0,0,6,4,0,6,0,0,6,0,0,0,0,0,0,0,0,0,0,0,0,0,0,0,0,0,0,5937,0.0000452957,0.0000627566
blackstone_stairs,0,0,0,0,0,0,0,0,0,0,0,0,0,0,0,0,0,0,0,0,0,0,0,0,0,0,0,0,0,0,0,0,0,0,0,62,233,62,62,62,62,124,235,192,192,261,199,137,296,130,193,261,192,68,251,82,77,40,82,115,0,0,0,0,0,0,0,64,130,65,0,66,66,0,0,0,0,0,0,0,0,0,0,0,0,0,0,0,0,0,0,0,0,0,0,0,0,0,0,0,0,0,0,0,0,0,0,0,0,0,0,0,0,0,0,0,0,0,0,0,0,0,0,0,0,0,0,0,4061,0.000030983,0.0000429265
nether_quartz_ore,0,0,0,0,0,0,0,105100,391241,667100,759928,754312,756843,758517,753400,753049,749478,753689,746273,728364,701335,644766,573814,473492,355831,331960,309731,296467,295555,300081,312581,315001,324264,332673,347192,362667,371931,383350,390801,400692,404741,401944,404068,398194,391725,395135,398180,395805,389986,390760,392587,388302,385159,392823,396678,396584,390090,384160,379593,379289,385794,389511,391234,389726,384667,391946,394456,390156,386087,385730,391105,394897,392809,390461,392048,395069,396631,393201,391056,390839,388074,384706,382314,385192,383166,382304,383748,391712,394188,394125,390674,391613,398713,402373,397699,399523,406032,404590,398196,398078,400485,405508,410288,411533,413130,441845,476332,513877,563124,621104,674368,713914,744093,774510,799263,704566,406301,107766,0,0,0,0,0,0,0,0,0,0,49613731,0.378522728,0.524437735
soul_soil,0,0,0,0,0,0,0,0,0,0,0,0,0,0,0,868,14005,98898,413831,1090385,2106184,2982632,2889052,1832472,430277,671742,910049,1030087,1030411,942201,895873,775724,635575,616213,703807,809273,802746,766123,687128,599578,551460,565111,617014,659220,650465,611344,555641,521275,556591,656610,759551,798799,786591,727021,645010,561820,527555,586422,686301,753697,750041,682005,586584,500777,473736,484594,512936,541050,535528,500382,434859,370069,334304,339491,360051,369976,365002,348499,337621,357019,416686,517063,628275,743245,812024,768201,683143,587895,540234,556646,628752,693579,736573,714833,656133,553567,458608,451605,486588,508157,489065,451073,372157,264399,171830,417730,705510,979003,1209470,1447089,1445686,1228523,954866,778407,542399,302872,111914,32855,6550,810,0,0,112,65824,738966,1951799,1595522,0,74103394,0.5653640289,0.7833036403
warped_nylium,0,0,0,0,0,0,0,0,0,0,0,0,0,0,0,0,0,0,0,0,0,0,0,0,0,0,0,0,0,0,0,177777,125505,137477,152011,163694,155938,136415,121214,110571,102209,113484,116850,126912,123022,120831,106406,95611,118378,144775,152989,155141,177178,157129,131536,101610,126925,151728,150847,153337,136363,121075,104365,94688,92495,101207,114665,131410,124473,108891,93525,84346,60031,70381,75350,79410,76997,71478,63586,56943,70095,87127,121482,168204,172168,146119,137115,116149,108004,120061,136097,157398,174625,152844,127469,126523,65079,80309,105987,106770,102494,94413,79295,69721,384,342,390,586,923,1388,2630,3686,0,0,0,0,0,0,0,0,0,0,0,0,0,0,0,0,8605056,0.0656513672,0.0909590145
obsidian,0,0,0,0,0,0,0,0,0,0,0,0,0,0,0,0,0,0,0,0,0,0,0,0,0,0,0,12,113,175,376,300,484,267,370,164,201,97,142,100,57,106,134,30,54,51,49,27,124,36,97,83,112,67,97,23,68,91,84,89,94,69,145,113,78,57,74,46,42,22,77,91,71,32,43,25,29,46,22,14,14,108,25,91,70,95,115,100,62,55,54,44,28,42,48,42,30,30,57,56,66,19,52,16,20,26,10,10,6,24,0,0,0,0,0,0,0,0,0,0,0,0,0,0,0,0,0,0,6885,0.0000525284,0.0000727773
chest,0,0,0,0,0,0,0,0,0,0,0,0,0,0,0,0,0,0,0,0,0,0,0,0,0,0,0,0,4,13,15,18,59,142,28,73,222,6,118,54,122,14,8,6,5,59,9,0,21,0,57,31,2,261,31,0,23,22,166,63,333,110,13,4,73,32,10,122,181,120,9,14,198,453,14,36,9,6,4,0,71,21,175,32,12,4,10,10,0,6,4,6,2,5,5,5,1,0,0,6,6,0,6,4,0,0,0,0,0,0,0,0,0,0,0,0,0,0,0,0,0,0,0,0,0,0,0,0,3784,0.0000288696,0.0000399985
polished_blackstone_brick_slab,0,0,0,0,0,0,0,0,0,0,0,0,0,0,0,0,0,0,0,0,0,0,0,0,0,0,0,0,4,99,145,316,327,296,317,91,64,50,44,46,90,129,61,9,38,3,36,110,123,48,86,26,2,115,139,89,67,34,67,79,20,10,192,93,57,29,13,1,1,36,74,133,86,24,0,13,4,58,28,24,34,65,30,64,48,60,144,79,4,10,1,16,20,10,21,25,20,0,24,124,115,54,42,0,12,0,0,0,0,0,0,0,18,0,0,0,0,0,0,0,0,0,0,0,0,0,0,0,5086,0.0000388031,0.0000537611
twisting_vines,0,0,0,0,0,0,0,0,0,0,0,0,0,0,0,0,0,0,0,0,0,0,0,0,0,0,0,0,0,0,0,0,321,547,822,1035,1392,1587,1708,1674,1584,1606,1747,1659,1583,1725,1733,1572,1572,1906,1796,1941,1945,1860,2169,1954,1967,2264,2374,1925,1969,2018,1963,1901,1902,2062,1874,1937,1918,1760,1865,1832,1727,1469,1442,1491,1292,1242,1203,1181,1164,1359,1235,1321,1576,1641,1560,1710,1843,2021,2278,2053,2010,1965,1836,1849,1666,1982,1737,1567,1391,1307,1221,1273,1150,1112,937,622,394,257,201,204,155,219,157,118,113,107,112,106,215,0,0,0,0,0,0,0,125760,0.0009594727,0.0013293354
crimson_fungus,0,0,0,0,0,0,0,0,0,0,0,0,0,0,0,0,0,0,0,0,0,0,0,0,0,0,0,0,0,0,0,0,3874,3226,4378,4891,5385,4835,4512,3795,2399,2356,2876,3382,3465,3575,3272,2756,1899,3634,4060,4529,5322,5490,4834,3557,2099,3375,4306,4866,4831,4326,3501,2812,2077,2564,3309,3298,3258,3235,3053,2539,1815,1454,1408,1902,1894,1952,1809,1413,1145,2509,3804,5940,6731,6787,5250,4243,3118,3274,3884,4668,5696,5529,5111,4058,2919,1885,2317,3341,3687,3726,2772,2224,1716,0,0,5,20,31,35,81,145,0,0,0,0,0,0,0,0,0,0,0,0,0,0,0,256049,0.0019534988,0.0027065442
gravel,0,16251,168456,580176,1210099,1852594,1937292,1941286,1950193,1940868,1935802,1922784,1914193,1919793,1927852,1937226,1940084,1939876,1926179,1902828,1827009,1684539,1489226,1222889,910848,865460,874723,1110871,1499794,1895578,1666210,1611893,1635952,1517369,1120177,874090,902696,930075,905068,745188,483381,213461,42240,34,0,0,0,0,0,0,0,0,0,0,0,0,0,0,0,0,0,0,0,0,0,0,0,0,0,0,0,0,0,0,0,0,0,0,0,0,0,0,0,0,0,0,0,0,0,0,0,0,0,0,0,0,0,0,0,0,0,0,0,0,0,0,0,0,0,0,0,0,0,0,0,0,0,0,0,0,0,0,0,0,0,0,0,0,56892603,0.4340561142,0.601378434
nether_brick_stairs,0,0,0,0,0,0,0,0,0,0,0,0,0,0,0,0,0,0,0,0,0,0,0,0,0,0,0,0,0,0,0,0,0,0,0,0,0,0,0,0,0,0,0,0,0,0,0,0,0,0,193,193,193,2210,1400,1403,1649,1763,1595,1668,2635,1434,1343,1325,1212,1140,1047,1196,654,445,448,451,488,426,382,222,84,84,84,84,69,51,27,0,0,0,0,0,0,0,0,0,0,0,0,0,0,0,0,0,0,0,0,0,0,0,0,0,0,0,0,0,0,0,0,0,0,0,0,0,0,0,0,0,0,0,0,0,27598,0.000210556,0.0002917223
twisting_vines_plant,0,0,0,0,0,0,0,0,0,0,0,0,0,0,0,0,0,0,0,0,0,0,0,0,0,0,0,0,0,0,0,0,669,1693,2990,3943,4906,5425,5506,5435,4929,4947,4890,4848,5058,5473,5554,5505,4984,5085,5815,6249,6392,6736,6708,6631,5765,5766,5903,6365,6633,6729,6682,6495,6047,5573,5621,5621,5672,5848,5769,5559,4921,4808,4572,4182,4204,4051,3820,3559,3051,2945,2881,4122,5140,5835,6188,5986,5382,5232,5199,5819,6220,6380,6368,6008,5845,5044,4518,4474,4373,4389,4233,3641,2930,2055,1405,911,669,599,561,521,491,409,343,311,310,305,261,185,0,0,0,0,0,0,0,0,382075,0.0029150009,0.0040386914
gold_block,0,0,0,0,0,0,0,0,0,0,0,0,0,0,0,0,0,0,0,0,0,0,0,0,0,0,0,0,21,49,15,12,39,125,81,1014,808,169,67,142,207,13,10,116,13,13,6,0,129,155,69,5,0,17,27,93,9,1,9,2,4,19,6,0,254,48,2,0,0,49,702,517,0,45,45,14,0,6,0,10,4,18,6,54,47,6,52,27,0,56,76,2,92,73,13,7,0,0,5,5,13,6,0,6,0,0,0,0,0,0,0,0,0,0,0,0,0,0,0,0,0,0,0,0,0,0,0,0,5725,0.0000436783,0.0000605156
warped_fungus,0,0,0,0,0,0,0,0,0,0,0,0,0,0,0,0,0,0,0,0,0,0,0,0,0,0,0,0,0,0,0,0,2278,1804,2459,2766,3316,3008,2649,2248,1743,1352,2088,1790,2341,2222,2317,1706,1641,2177,2862,2990,3068,3420,3259,2484,1503,2065,2729,2703,2752,2452,2061,1681,1331,1406,1789,2189,2559,2391,1901,1751,1313,739,1170,1167,1312,1313,1093,919,712,1199,1777,2615,3878,3545,2912,2644,2018,1731,2157,2711,3207,3654,2989,2387,2245,1035,1410,2045,2266,2065,1852,1419,885,8,0,2,4,6,5,47,46,0,0,0,0,0,0,0,0,0,0,0,0,0,0,0,155753,0.0011883011,0.0016463739
polished_blackstone_brick_wall,0,0,0,0,0,0,0,0,0,0,0,0,0,0,0,0,0,0,0,0,0,0,0,0,0,0,0,0,0,0,0,0,12,8,8,4,0,2,6,12,0,6,6,12,0,6,0,0,0,0,0,0,0,5,10,0,7,4,0,2,3,6,2,12,10,2,9,8,0,4,0,0,0,0,0,0,0,0,0,0,0,0,0,6,12,4,14,0,4,4,8,0,4,0,0,0,0,0,0,0,0,0,4,8,0,4,0,0,0,0,0,0,0,0,0,0,0,0,0,0,0,0,0,0,0,0,0,0,238,0.0000018158,0.0000025158
blackstone,0,459301,1342769,2540728,3945166,5291354,5307652,5214640,5111457,5056695,5020645,4982537,4919976,4839885,4759865,4701455,4640765,4657140,4890728,5437978,6208014,6633498,6026327,4465180,2650246,2606739,2533977,2422466,2261133,1961081,1653939,1333211,1369678,1363271,1442463,1490670,1484411,1477120,1452335,1451777,1506521,1493255,1473226,1459668,1430531,1403757,1408204,1460534,1569662,1550135,1556891,1519147,1471358,1416605,1382473,1400235,1445808,1384800,1303597,1283635,1252032,1230555,1214208,1233744,1316732,1321733,1336197,1317511,1290904,1264511,1238840,1235509,1280283,1277803,1274936,1266566,1246219,1228363,1224236,1258219,1329365,1349526,1354969,1330186,1278997,1239675,1200144,1201356,1273846,1293185,1317974,1302691,1268870,1239157,1197992,1159106,1197589,1219882,1241938,1238180,1206136,1175640,1145049,1094527,1065070,1089703,1113611,1164906,1248324,1349614,1458481,1575934,1695135,1777202,1836832,1888598,1914825,1922773,1917859,1892939,1869784,1961435,1936539,1583609,1751206,2288144,1659010,0,257454928,1.9642252197,2.7214054774
cracked_polished_blackstone_bricks,0,0,0,0,0,0,0,0,0,0,0,0,0,0,0,0,0,0,0,0,0,0,0,0,0,0,0,0,58,9022,8498,8852,58391,36520,37547,42553,34428,32515,37964,34711,32995,30962,37034,30507,31212,27534,38412,34086,26583,34730,30719,25305,23932,35283,26845,22764,34971,37411,51096,44021,44747,50073,55123,50547,40399,40488,40328,35055,33085,32159,29356,31705,26869,18005,17300,15221,24640,26559,36037,34409,14249,13091,12124,8506,4802,1214,532,169,120,166,439,272,188,200,47,30,0,0,6,30,16,46,18,0,6,0,0,6,0,6,0,6,6,0,0,0,0,0,0,0,0,0,0,0,0,0,0,0,1735861,0.0132435684,0.0183487715
smooth_quartz_slab,0,0,0,0,0,0,0,0,0,0,0,0,0,0,0,0,0,0,0,0,0,0,0,0,0,0,0,0,0,0,0,0,0,0,0,0,0,0,0,0,0,0,0,0,0,0,0,0,0,0,0,0,0,0,0,0,0,0,0,0,0,0,0,0,0,0,0,0,0,0,146,0,0,0,0,0,0,0,0,0,0,0,0,0,0,0,0,0,0,0,0,0,0,0,0,0,0,0,0,0,0,0,0,0,0,0,0,0,0,0,0,0,0,0,0,0,0,0,0,0,0,0,0,0,0,0,0,0,146,0.0000011139,0.0000015433
shroomlight,0,0,0,0,0,0,0,0,0,0,0,0,0,0,0,0,0,0,0,0,0,0,0,0,0,0,0,0,0,0,0,0,0,0,0,1335,3150,5515,8668,11177,14606,17047,17725,17265,17456,15864,15909,15166,15063,15213,15066,13714,13847,14163,13942,15133,17356,18473,18367,17035,15860,16386,15810,16452,18283,19088,18546,17816,17387,15953,15508,15111,15735,15755,15811,15126,14642,12948,12625,11575,12293,10539,10330,8699,8611,8471,9526,11804,14371,16977,17729,17198,16763,16630,16529,16718,17924,19116,19715,19163,18286,16788,16976,16168,15428,13346,10587,7787,5305,3025,1806,790,579,394,236,147,178,69,71,112,64,0,0,0,0,0,0,0,1081920,0.0082543945,0.0114363436
crimson_stem,0,0,0,0,0,0,0,0,0,0,0,0,0,0,0,0,0,0,0,0,0,0,0,0,0,0,0,0,0,0,0,0,12148,17024,24876,34066,43403,52147,59284,63415,66057,62826,60798,60307,60146,59903,58964,57626,56520,53656,52192,53589,57783,61984,65116,67088,66537,64306,62814,62702,64324,66479,67076,66200,65165,62289,60150,58761,57919,58407,57836,56956,55267,51445,47633,45622,43747,41981,40753,38858,37342,35071,36109,42162,50083,57461,63402,67230,69004,66463,65037,65193,67299,71142,73929,74564,74444,68175,62744,60144,59490,58967,58193,56071,53875,36916,24799,15571,9594,5326,3060,1967,1855,647,431,257,194,146,116,83,79,0,0,0,0,0,0,0,4218780,0.0321867371,0.0445942561
crimson_nylium,0,0,0,0,0,0,0,0,0,0,0,0,0,0,0,0,0,0,0,0,0,0,0,0,0,0,0,0,0,0,0,336947,236211,260160,280037,295370,286227,270909,228458,193763,180155,195525,214208,215037,209432,196344,166547,133711,205156,219690,246765,278705,282978,267636,209259,158796,227793,266275,281191,266122,248869,230029,182482,159341,190194,191162,198889,192499,194955,176472,153797,134511,114445,112913,128567,131707,124226,119381,105343,96717,165265,207620,306834,330677,324976,286832,232939,191097,220141,234540,264753,298431,299744,278241,242835,204397,123810,148784,185993,208594,196662,161609,138353,134246,640,619,722,850,1372,2222,5096,11385,0,0,0,0,0,0,0,0,0,0,0,0,0,0,0,0,15406185,0.1175398636,0.1628497717
bone_block,0,0,0,0,0,0,0,0,0,0,0,0,0,0,0,0,0,0,0,0,0,0,0,0,0,0,0,0,0,0,0,0,0,637,1149,1526,2113,2489,2369,2530,2077,1986,1858,1844,1809,1908,1675,1622,1542,1699,1774,2163,2210,2235,2281,2103,2028,2423,2436,2462,2327,2157,2222,1761,1426,1567,1817,1618,1623,1750,1702,1423,1028,838,749,875,1010,851,983,1034,820,1045,1259,1634,1419,1602,1952,1734,1450,1355,1396,1421,1479,1353,1342,1159,1098,890,818,908,893,618,731,645,602,452,313,181,135,17,1,1,1,2,0,0,0,0,0,0,0,0,0,0,0,0,0,0,112435,0.000857811,0.0011884846
air,0,0,0,0,0,0,0,0,0,0,0,0,0,0,0,0,0,0,0,0,0,0,0,0,0,0,0,17,5,91,346,600,47895986,48025722,48062958,48026898,47944948,47757550,47608870,47570431,47595323,47493590,47353636,47323683,47294321,47309063,47306091,47384364,47455921,47399938,47316197,47264094,47127180,47180924,47293512,47344412,47375992,47320849,47378272,47346457,47286732,47268075,47285303,47247680,47188362,47239195,47313106,47477202,47557896,47604722,47662695,47721434,47868806,47972208,48014171,48034438,47974647,47983000,48039762,48117017,48247087,48018924,47768147,47546832,47323479,47225951,47196254,47167089,47237608,47083776,47002254,46915645,46735567,46674073,46717738,46841936,47009490,47030926,47029047,47045437,47029082,47101023,47182025,47305849,47454401,43429051,38649194,32910108,25781664,17807230,11612241,7801532,4738202,1379488,214306,6125,26,48,30,56,18,0,0,0,0,0,0,0,3646833651,27.8231327133,0.
blackstone_slab,0,0,0,0,0,0,0,0,0,0,0,0,0,0,0,0,0,0,0,0,0,0,0,0,0,0,0,0,0,0,0,0,3831,663,216,123,0,75,3863,384,85,138,0,58,2817,321,77,93,0,43,1647,167,34,63,0,32,0,0,0,0,0,63,1,0,0,0,4,137,58,0,16,0,116,0,648,16,0,0,0,0,0,0,0,0,0,0,0,0,0,0,0,0,0,0,0,0,0,0,0,0,0,0,0,0,0,0,0,0,0,0,0,0,0,0,0,0,0,0,0,0,0,0,0,0,0,0,0,0,15789,0.0001204605,0.0001668963
soul_fire,0,0,0,0,0,0,0,0,0,0,0,0,0,0,0,0,0,0,0,0,0,0,0,0,0,0,0,0,0,0,0,0,183,250,294,393,796,916,550,645,563,467,599,709,749,768,379,490,421,693,719,941,738,865,632,669,477,549,548,704,628,713,372,462,241,338,555,499,585,647,530,382,312,212,307,311,318,323,305,277,262,587,795,695,608,808,541,522,586,559,580,488,610,737,491,581,465,250,439,413,598,575,361,423,180,5,14,27,31,35,54,44,40,9,0,26,24,0,0,0,0,0,0,0,0,0,0,0,38487,0.0002936325,0.0004068236
crimson_roots,0,0,0,0,0,0,0,0,0,0,0,0,0,0,0,0,0,0,0,0,0,0,0,0,0,0,0,0,0,0,0,0,30921,24819,32656,36830,40052,38360,34566,27567,19456,18563,22647,26871,27231,26466,24756,20811,13338,25293,30022,34330,41623,39229,36615,24756,15879,24708,33141,37582,35922,32200,28520,20324,16491,20941,23448,24668,25068,24809,23117,19213,14538,10859,11633,14678,15232,14308,13651,11180,8439,19991,30051,46256,50727,49532,42316,32300,21824,25423,30792,36885,43145,42540,38512,32705,24182,12867,17774,24889,28706,26886,21432,16693,13449,30,31,19,64,135,217,588,1250,4,0,0,0,0,0,0,0,0,0,0,0,0,0,0,1950542,0.0148814545,0.0206180388
polished_basalt,0,0,0,0,0,0,0,0,0,0,0,0,0,0,0,0,0,0,0,0,0,0,0,0,0,0,0,0,0,0,0,0,0,0,322,0,67,0,0,0,311,0,0,0,0,0,317,0,487,363,0,0,317,0,0,0,0,0,0,0,0,0,0,0,0,0,146,1445,724,941,292,0,1792,2274,123,82,82,41,0,0,0,0,0,0,0,0,0,0,0,0,0,0,73,0,0,0,0,0,0,0,0,0,0,0,0,0,0,0,0,0,0,0,0,0,0,0,0,0,0,0,0,0,0,0,0,0,0,0,10199,0.0000778122,0.0001078077
lava,0,0,479999,734626,1007160,1282162,1301676,1316310,1325154,1326417,1375392,1377076,1374923,1363421,1345577,1319108,1285763,1253992,1221590,1292675,2171928,5921105,14778467,29347320,46808141,48061054,48981382,49502176,49696115,49543019,49316527,49214850,56099,130452,138093,123267,119027,115534,111941,104585,70195,106686,111601,108247,113009,105482,95078,90185,76200,121394,119040,130612,129182,123319,104539,93393,70562,133489,133101,125415,127886,115269,102900,97571,72165,98276,97110,108470,109106,104858,91341,87346,59077,75224,78010,77808,75887,77472,67094,65790,60679,100081,114076,130998,125707,117172,106257,94208,66197,99679,107926,121098,120827,114590,118488,103798,58248,72186,83724,93798,90801,83050,81665,74373,43911,41762,43360,45418,46596,51668,55064,55937,56428,56645,59431,58290,59339,58086,9440,7763,2405,1393,0,0,0,0,0,0,473266054,3.6107334442,5.0026186782
basalt,0,1111362,3172998,5627939,8264413,11009456,11400015,11645805,11837114,11989691,12138507,12284391,12436664,12610674,12791739,12983972,13166722,13258967,13139492,12698456,11984647,11349151,11269511,11445272,11032086,9715767,8640031,7862787,7316234,7003315,6967229,7007397,6886622,6723863,6681191,6675183,6625030,6615414,6610821,6557924,6474093,6425209,6440246,6457405,6455422,6469464,6455102,6368994,6239872,6214238,6230314,6286890,6340401,6330466,6299701,6202224,6063173,6007385,6005653,6023235,6042224,6055296,6018564,5939078,5824783,5756279,5735041,5739753,5721068,5692202,5676776,5636170,5576093,5539581,5532123,5548491,5570095,5577636,5563621,5512118,5427200,5471916,5600550,5731395,5866527,5966976,5986520,5927542,5788613,5714989,5687362,5662334,5663980,5674390,5625498,5535685,5433261,5318166,5258406,5254460,5286191,5260996,5194443,5117486,5067687,5548513,6156923,6749184,7439159,8183174,8512070,8405667,8316037,8429267,8411531,8255426,8141666,8120800,8174472,8281853,8423234,9071943,9337437,7313955,5007805,3230029,1746327,0,908363376,6.9302625732,9.6017780125
bedrock,102400000,81927259,61425375,40949197,20485050,0,0,0,0,0,0,0,0,0,0,0,0,0,0,0,0,0,0,0,0,0,0,0,0,0,0,0,0,0,0,0,0,0,0,0,0,0,0,0,0,0,0,0,0,0,0,0,0,0,0,0,0,0,0,0,0,0,0,0,0,0,0,0,0,0,0,0,0,0,0,0,0,0,0,0,0,0,0,0,0,0,0,0,0,0,0,0,0,0,0,0,0,0,0,0,0,0,0,0,0,0,0,0,0,0,0,0,0,0,0,0,0,0,0,0,0,0,0,20481744,40959830,61428232,81909819,102400000,614366506,4.6872444611,6.494109037
quartz_block,0,0,0,0,0,0,0,0,0,0,0,0,0,0,0,0,0,0,0,0,0,0,0,0,0,0,0,0,0,0,0,0,0,0,0,0,0,0,0,0,0,0,0,0,0,0,0,0,0,0,0,0,0,0,0,0,0,0,0,0,0,0,0,0,0,0,292,0,0,0,0,0,0,0,0,0,0,0,0,0,0,0,0,0,0,0,0,0,0,0,0,0,0,0,0,0,0,0,0,0,0,0,0,0,0,0,0,0,0,0,0,0,0,0,0,0,0,0,0,0,0,0,0,0,0,0,0,0,292,0.0000022278,0.0000030866
polished_blackstone_brick_stairs,0,0,0,0,0,0,0,0,0,0,0,0,0,0,0,0,0,0,0,0,0,0,0,0,0,0,0,0,8,133,110,248,1459,1860,294,1149,2116,511,1587,1460,820,480,715,982,1175,1918,193,311,425,309,674,694,132,252,845,184,137,5,305,314,307,212,399,499,545,405,412,635,88,722,517,183,811,2549,2139,1317,306,457,487,517,803,723,1143,897,1270,971,261,70,30,60,212,340,254,278,378,220,0,0,5,166,4,64,26,6,0,12,6,0,0,0,0,6,6,0,0,0,0,0,0,0,0,0,0,0,0,0,0,0,43523,0.0003320541,0.0004600562
netherrack,0,18828707,35693434,51791854,67254389,82671662,82164053,81861871,81354183,80879968,80594759,80493679,80404733,80308070,80217303,80096967,79989948,79737428,79043900,77522134,74635485,69584646,61945861,50916500,37743485,35290913,32900279,31394042,30956622,31584973,32588893,32901667,33609561,34145602,35495354,37247294,39182001,40554449,41115872,41473872,41813750,42019131,42036790,41928002,41896733,41906186,41929435,41930034,41645706,41316420,41023148,40737351,40681591,40764385,40878178,41046868,40956908,40669511,40375046,40242300,40381640,40538162,40712685,40942513,40943182,40840040,40682449,40627668,40675726,40761914,40879612,40915060,40931316,40913907,40839623,40849657,40902315,40957237,40968258,40903301,40666643,40491146,40246023,40010881,40004725,40184507,40473031,40772445,40839783,40886977,40769791,40689578,40769439,40927937,41202694,41486965,41767577,41814740,41716989,41665925,41779473,41912089,42161226,42461140,42868959,45664959,48925337,53058451,58334062,64308411,69554051,73531905,76947826,80276365,81875359,82893511,83891749,84610226,84945475,85026604,85100468,91365229,91125746,72898663,53192981,31540844,13895366,0,6389674422,48.7493470917,67.5415114625
nether_bricks,0,0,32,88,168,212,212,233,233,242,254,254,270,280,285,363,591,850,957,1354,5078,17162,45168,85665,126874,136025,147579,159557,170705,179077,185207,191219,196568,204511,213564,222754,231315,240999,248250,254177,259107,268170,277508,290055,302390,312837,320917,329636,361011,378548,400773,496229,543808,465242,465405,513128,533381,588246,556515,557874,424396,350697,402795,424171,536150,513774,472799,292916,188775,175303,187260,265714,250912,175752,113019,58676,53038,56533,57348,52218,28793,29853,21680,20339,27865,28162,16106,8612,3008,4043,6049,5866,2521,72,72,72,144,0,0,0,0,0,0,0,0,0,0,0,0,0,0,0,0,0,0,0,0,0,0,0,0,0,0,0,0,0,0,0,16744615,0.1277512741,0.1769975325
nether_sprouts,0,0,0,0,0,0,0,0,0,0,0,0,0,0,0,0,0,0,0,0,0,0,0,0,0,0,0,0,0,0,0,0,10697,8278,10713,13667,13085,13087,11757,9532,7301,6906,8435,9387,11021,10523,9834,8720,5995,8914,11870,12942,13433,15983,13929,10242,6002,8651,12715,11946,13032,11398,9807,7779,6762,6272,7867,9425,11722,10242,9021,7260,5465,3472,5200,5176,5518,5561,4882,3859,3440,4549,6891,11366,15183,17117,13990,10765,9317,7876,10306,11376,12663,15247,12563,10384,9497,4700,6553,9210,8382,8378,7676,5571,4523,9,35,0,20,6,57,138,138,0,0,0,0,0,0,0,0,0,0,0,0,0,0,0,683211,0.0052124863,0.0072218239
polished_blackstone_slab,0,0,0,0,0,0,0,0,0,0,0,0,0,0,0,0,0,0,0,0,0,0,0,0,0,0,0,0,54,56,104,64,78,72,72,22,25,14,7,5,8,24,45,10,0,19,36,48,28,85,18,0,14,13,20,18,19,38,21,22,10,16,52,26,10,56,8,0,0,50,20,41,29,0,0,0,5,26,0,0,72,18,12,24,6,16,23,10,68,28,0,0,0,5,0,3,3,0,0,6,0,0,0,0,0,0,0,0,0,0,0,0,0,6,0,0,0,0,0,0,0,0,0,0,0,0,0,0,1708,0.000013031,0.0000180543
chain,0,0,0,0,0,0,0,0,0,0,0,0,0,0,0,0,0,0,0,0,0,0,0,0,0,0,0,0,4,5,4,8,19,15,18,12,95,59,10,12,143,189,276,306,356,344,8,0,42,8,72,54,177,18,31,190,184,0,0,0,0,371,8,0,17,17,4,8,4,10,139,8,4,100,64,189,4,0,12,0,0,0,0,0,0,4,4,72,143,0,0,0,0,0,0,0,0,0,0,0,0,12,6,0,12,12,0,12,12,0,36,6,0,0,0,0,0,0,0,0,0,0,0,0,0,0,0,0,3949,0.0000301285,0.0000417426
warped_stem,0,0,0,0,0,0,0,0,0,0,0,0,0,0,0,0,0,0,0,0,0,0,0,0,0,0,0,0,0,0,0,0,6172,8819,13225,18374,23706,28108,31580,33621,35032,33580,32561,32162,32386,32472,32703,32566,31798,30492,30392,31754,33880,36284,37592,38852,38675,37059,36417,36291,36733,36731,36887,36801,36025,33443,32231,31690,31545,32136,32117,31876,31176,28523,26495,25273,24877,24975,23811,22924,22233,19526,18459,19357,23041,27213,30648,33110,34673,33300,33057,32654,34388,36700,38038,38030,38551,35649,33732,32770,32546,32074,31236,30539,28939,19362,12354,7582,4661,2584,1590,1048,761,257,162,135,91,52,53,63,57,0,0,0,0,0,0,0,2284097,0.0174262772,0.0241438536
lantern,0,0,0,0,0,0,0,0,0,0,0,0,0,0,0,0,0,0,0,0,0,0,0,0,0,0,0,0,0,0,0,0,0,0,61,381,559,37,22,77,238,950,516,0,274,143,11,287,372,72,122,171,158,263,512,165,84,0,115,41,509,37,53,0,41,42,0,106,0,129,213,0,56,0,113,360,0,48,0,0,0,0,0,0,84,74,72,71,0,0,0,0,0,0,0,0,0,0,0,0,0,0,0,0,0,0,0,0,0,0,0,0,0,0,0,0,0,0,0,0,0,0,0,0,0,0,0,0,7639,0.0000582809,0.0000807474
cave_air,0,0,0,0,0,0,0,0,0,0,0,0,0,0,0,0,0,0,0,0,0,0,0,0,0,0,0,0,0,0,0,0,934391,1018050,1101360,1163766,1245507,1326626,1393370,1450424,1494981,1580113,1676237,1795395,1911294,2018689,2122122,2219698,2311454,2427024,2548051,2663037,2774123,2867680,2964261,3053350,3141049,3251738,3351850,3447199,3549333,3628868,3689206,3749279,3806205,3869776,3935238,4006689,4062544,4125681,4179745,4224824,4277124,4330696,4382759,4407394,4432603,4442910,4456289,4463390,4487995,4526125,4537083,4562285,4570882,4560136,4552301,4534856,4524965,4527290,4528870,4528598,4532448,4523073,4501514,4471435,4449064,4444872,4445161,4425353,4399911,4380839,4357259,4318175,4290854,4614380,4993810,5471233,6076863,6757192,7244121,7469203,7634712,7823106,7828048,7736956,7607779,7465401,7314484,7157398,6971100,0,0,0,0,0,0,0,363420522,2.7726785431,3.8415058
ancient_debris,0,0,0,0,0,0,41,1105,10178,17991,25045,32980,39543,46943,53878,59921,54268,46331,38812,31052,23214,15942,8369,2430,1353,1345,1239,1186,1068,1127,1093,1162,1119,995,1198,1171,1405,1267,1358,1387,1342,1297,1343,1332,1283,1476,1454,1352,1449,1231,1300,1333,1253,1243,1236,1542,1358,1353,1251,1246,1265,1390,1361,1534,1353,1121,1391,1167,1334,1299,1418,1362,1249,1261,1330,1217,1242,1306,1204,1185,1576,1225,1060,1121,1093,1067,1241,1427,1382,1281,1318,1268,1148,1256,1255,1052,1408,1365,1272,1438,1273,1329,1394,1290,1341,1454,1536,1795,1653,1944,2117,2368,2267,2542,2768,2907,3078,2779,2713,2636,80,0,0,0,0,0,0,0,646696,0.0049338989,0.0068358452
spawner,0,0,0,0,0,0,0,0,0,0,0,0,0,0,0,0,0,0,0,0,0,0,0,0,0,0,0,0,0,0,0,0,0,0,0,0,0,0,0,40,0,0,0,0,0,0,0,0,0,0,0,0,0,0,0,0,30,10,13,8,37,18,15,42,15,0,24,16,0,38,133,0,0,0,0,11,30,36,0,0,0,0,16,5,0,0,0,0,0,12,0,0,0,0,0,0,0,0,0,0,0,0,0,0,0,0,0,0,0,0,0,0,0,0,0,0,0,0,0,0,0,0,0,0,0,0,0,0,549,0.0000041885,0.0000058032
red_mushroom,0,0,0,0,0,0,0,0,0,0,0,0,0,0,0,0,0,0,0,0,0,0,0,0,0,0,0,0,0,0,0,0,598,962,941,1103,948,1102,1130,993,897,764,871,1049,984,916,954,924,820,970,1022,1234,995,1132,964,637,708,1179,1068,1098,1023,978,716,722,590,754,754,727,984,743,680,697,645,582,460,488,415,565,526,389,440,876,746,1001,1100,1013,938,691,640,869,798,895,961,936,910,644,797,646,655,612,682,801,777,655,625,227,201,201,154,199,251,217,252,160,170,192,177,171,237,196,180,0,0,0,0,0,0,0,63294,0.0004828949,0.0006690439
polished_blackstone_bricks,0,0,0,0,0,0,0,0,0,0,0,0,0,0,0,0,0,0,0,0,0,0,0,0,0,0,0,0,56,15495,15273,16653,107341,66171,62522,71338,55681,52249,61451,61033,47495,44105,68621,51197,45270,40053,63155,44630,36932,49949,38765,32861,32352,58017,42281,38403,64356,88279,110584,101444,104682,116635,117097,110769,107937,103139,95405,83237,78180,71470,67790,67495,50171,32948,41113,48799,72115,71494,80523,77966,49242,46800,44797,34339,21531,19122,19660,18514,18833,28742,27402,19529,14853,11804,7002,4148,2058,766,0,72,30,132,8,12,6,0,10,6,6,6,6,24,0,0,0,0,0,0,0,0,0,0,0,0,0,0,0,0,3672437,0.0280184708,0.0388191838
magma_block,0,0,0,0,0,0,0,0,0,0,0,0,0,0,0,0,0,0,0,27,34,44,483,403777,1588109,3517427,5273605,6265096,6487394,6588569,6754939,6859325,6892802,6668303,5554289,3615649,1624711,345087,24748,22888,12316,21893,24064,21822,22207,20569,18346,17619,12465,23529,24045,25381,24614,22736,19464,17460,10531,21681,23795,25166,25609,20000,17778,15500,8608,16826,18749,21517,20142,17991,14772,14374,6571,12139,13305,12563,11672,12258,10774,10116,7528,16787,18947,22818,25262,21089,18475,17509,9700,19352,23968,26032,25745,22231,23580,20565,7657,13580,16942,18545,17043,15589,14561,12221,3751,2878,3378,3768,3424,3851,4273,4155,3656,3542,3789,3867,3484,2703,2929,3096,0,0,0,0,0,0,0,0,69690543,0.5316966476,0.7366579732
blackstone_wall,0,0,0,0,0,0,0,0,0,0,0,0,0,0,0,0,0,0,0,0,0,0,0,0,0,0,0,0,0,0,0,0,0,387,858,348,0,0,0,389,767,168,0,0,0,199,599,151,0,0,0,220,380,156,0,0,0,0,0,0,0,0,0,0,0,0,0,0,112,226,114,0,0,0,0,0,0,0,0,0,0,0,0,0,0,0,0,0,0,0,0,0,0,0,0,0,0,0,0,0,0,0,0,0,0,0,0,0,0,0,0,0,0,0,0,0,0,0,0,0,0,0,0,0,0,0,0,0,5074,0.0000387115,0.0000536343
warped_wart_block,0,0,0,0,0,0,0,0,0,0,0,0,0,0,0,0,0,0,0,0,0,0,0,0,0,0,0,0,0,0,0,5748,6258,10807,18657,34844,56646,82276,110793,138270,163939,179318,185838,184068,180318,175410,172948,170624,173633,173062,166237,160068,162339,168916,175456,183895,201249,207422,204339,193580,188099,189313,189593,193747,199019,202481,197035,188718,182370,176254,172922,170778,170856,167827,161959,154901,151676,146950,141205,137155,132575,121463,111468,102522,96011,99435,108294,126784,149239,166935,177037,178768,175085,176846,177949,187304,194501,201134,202688,199178,194260,185847,184992,175613,165910,135674,99555,67186,44359,27039,17092,10320,5930,2908,2314,1530,1171,739,710,769,662,0,0,0,0,0,0,0,11939612,0.0910920105,0.1262066558
nether_wart_block,0,0,0,0,0,0,0,0,0,0,0,0,0,0,0,0,0,0,0,0,0,0,0,0,0,0,0,0,0,0,0,10927,14086,23239,37426,67537,108341,156143,207587,257417,303596,334934,346196,340042,331556,324481,318809,309220,310281,306718,293160,278587,276638,285813,295320,314634,336916,353437,347303,326632,314923,321510,328114,341144,356111,362082,353061,338774,328790,322639,317001,315248,310521,307574,301767,283583,270075,254197,242579,231134,224924,210939,197592,189061,196029,212397,242379,281180,319314,352005,362878,355684,351839,351528,359401,373617,381545,392249,391908,374427,356061,340057,329216,323947,316292,271729,211700,154103,103384,61831,36638,21853,14063,7480,4795,3368,2980,2775,2825,3406,3965,0,0,0,0,0,0,0,22111167,0.1686948166,0.2337242152
,,,,,,,,,,,,,,,,,,,,,,,,,,,,,,,,,,,,,,,,,,,,,,,,,,,,,,,,,,,,,,,,,,,,,,,,,,,,,,,,,,,,,,,,,,,,,,,,,,,,,,,,,,,,,,,,,,,,,,,,,,,,,,,,,,,
