id,0,1,2,3,4,5,6,7,8,9,10,11,12,13,14,15,16,17,18,19,20,21,22,23,24,25,26,27,28,29,30,31,32,33,34,35,36,37,38,39,40,41,42,43,44,45,46,47,48,49,50,51,52,53,54,55,56,57,58,59,60,61,62,63,64,65,66,67,68,69,70,71,72,73,74,75,76,77,78,79,80,81,82,83,84,85,86,87,88,89,90,91,92,93,94,95,96,97,98,99,100,101,102,103,104,105,106,107,108,109,110,111,112,113,114,115,116,117,118,119,120,121,122,123,124,125,126,127,128,total,percent_of_total,percent_excluding_air
minecraft:air,0,0,96,2868,6270,8391,7944,7691,7545,7605,8731,221659,231217,231610,231265,227668,222927,222417,220120,216659,213206,209147,207690,202489,199671,197592,194059,189709,184374,176959,169239,165908,162732,158466,155023,153470,152175,152289,149450,147958,146041,140707,136005,133341,130356,128204,126943,126956,125830,123724,118973,114163,106387,98710,91700,85433,78731,68539,60686,53341,48725,45640,44801,55327,2043017,2206591,2333143,2470907,2624822,2789535,2956023,3133497,3324008,3429251,3513725,3593707,3665014,3728764,3784679,3832788,3876013,3921787,3964750,4003003,4036493,4063767,4085691,4102812,4118105,4135434,4149710,4162258,4173261,4182312,4189073,4194664,4199029,4204452,4208988,4213049,4216598,4220130,4222999,4225502,4227374,4229625,4231918,4234310,4236455,4238172,4239679,4240763,4242055,4242979,4243994,4245186,4246398,4247583,4248231,4248564,4249278,4249403,4249508,4249740,4250051,4250394,4250605,4250787,0,258355955,47.4792125784,N/A
minecraft:stone,452,832849,1537236,2208259,2877777,3573864,3568048,3563089,3559372,3556102,3554025,3552144,3550039,3548015,3550526,3554901,3558153,3562783,3581381,3601917,3607794,3608292,3613278,3620990,3626036,3626426,3627792,3631990,3636038,3642730,3647479,3652409,3658308,3666072,3673686,3677044,3678184,3674682,3676148,3678123,3681354,3685602,3689647,3690765,3691416,3693291,3696009,3693744,3690695,3674209,3631296,3545516,3427190,3311417,3187182,3025531,2824358,2610360,2393111,2173419,1968134,1814572,1696194,1571986,1429768,1278103,1113044,939583,778543,656285,567791,494552,430670,377975,334979,296238,263655,237046,211867,186984,163062,144256,127686,112904,99668,86871,75118,64349,55036,48388,43513,39166,35972,33195,30364,28118,26037,23686,21320,19033,17207,15647,14315,13075,11769,10438,9240,8169,6890,6130,5377,4546,3542,2559,1699,1017,323,33,0,0,0,0,0,0,0,0,0,0,0,218888232,40.226055165,76.5907312892
minecraft:dirt,13,10644,46621,109545,177773,231836,232568,231394,229623,230192,233008,235132,236774,236932,236175,234674,233966,234815,234984,233724,232953,234501,234395,233635,231951,232595,234054,235270,235873,236687,238669,239122,237880,235523,231629,229794,230252,234586,236738,237306,238279,239894,241554,241913,241522,239894,236684,237464,241225,257726,302894,390763,513243,614146,663464,668927,616886,641285,634607,605698,557333,554278,514315,331796,406652,493769,507649,520745,506645,451966,356883,242593,213973,187898,161026,138363,119108,103782,93430,88710,82825,71951,61653,52245,45665,41835,39735,38184,32243,28221,22961,18354,14583,12571,11207,10312,9730,8403,7612,7050,6482,5989,5468,5202,5086,4644,4071,3386,3217,2687,2470,2000,2207,2490,2354,1947,1531,1226,833,104,2,0,0,0,0,0,0,0,0,23843524,4.381829498,8.3430384676
minecraft:bedrock,4250671,3398899,2546576,1697316,846918,0,0,0,0,0,0,0,0,0,0,0,0,0,0,0,0,0,0,0,0,0,0,0,0,0,0,0,0,0,0,0,0,0,0,0,0,0,0,0,0,0,0,0,0,0,0,0,0,0,0,0,0,0,0,0,0,0,0,0,0,0,0,0,0,0,0,0,0,0,0,0,0,0,0,0,0,0,0,0,0,0,0,0,0,0,0,0,0,0,0,0,0,0,0,0,0,0,0,0,0,0,0,0,0,0,0,0,0,0,0,0,0,0,0,0,0,0,0,0,0,0,0,0,0,12740380,2.341355787,4.4579601753
minecraft:water,0,188,1065,1574,1551,1256,1148,1127,1857,1592,1245,14646,5958,6404,5776,5906,5881,5590,5945,5400,5618,6000,5028,5264,5023,4697,5069,4307,4663,4228,4464,3892,3574,3756,3497,3617,4193,4300,3936,3888,3183,3569,3783,4116,4082,3718,3693,3694,4089,3920,3127,3200,6845,25127,86721,204091,392947,488923,605412,753876,926987,1143026,1411952,1569082,2941,3062,3788,4327,3416,3521,3554,1444,1323,603,405,881,686,274,388,584,228,299,533,423,237,42,69,100,27,25,23,43,111,70,17,18,45,85,7,6,6,6,4,6,5,4,2,2,2,2,2,2,3,3,2,0,0,0,0,0,0,0,0,0,0,0,0,0,0,7855942,1.4437210871,2.7488565157
minecraft:gravel,0,5200,23638,54780,88058,113651,112436,111825,111355,111438,110802,110231,109869,110705,110466,111499,111796,110773,110647,111584,114660,115159,113448,112238,111496,111968,112840,113067,113503,113709,114088,114113,113473,113614,114519,115092,115280,114282,114569,113558,111732,110440,110031,111163,113402,116034,117767,117277,115981,115252,114599,113313,109487,103507,99361,95177,92686,93499,97675,104911,114086,109820,100400,61673,50679,39038,34453,28705,23018,19518,17518,14965,13191,11229,9771,8969,8105,7139,6436,5599,5072,4373,3975,3552,3032,2637,2233,2053,2017,1816,1531,1198,938,887,944,889,771,690,639,679,668,593,501,478,419,409,326,256,225,205,199,205,204,111,44,32,0,0,0,0,0,0,0,0,0,0,0,0,0,7007836,1.2878609094,2.4520974887
minecraft:sand,0,0,0,0,0,0,0,0,0,0,0,0,0,0,0,0,0,0,0,0,0,0,0,0,0,0,0,0,0,0,0,0,0,0,0,0,0,0,0,0,0,0,0,0,0,0,0,0,34,876,2827,6852,13062,19101,23684,29774,49709,114646,221640,347309,471028,471664,409871,304265,163720,97939,31580,39580,46180,45277,41295,33410,22054,19842,17060,14387,11824,10570,9625,9197,7790,6443,5432,4603,3995,3556,3296,3270,3293,3261,2924,2520,2070,1707,1220,958,814,537,416,292,215,170,134,87,131,138,156,127,84,44,21,0,0,0,0,0,0,0,0,0,0,0,0,0,0,0,0,0,0,3159586,0.5806510454,1.1055642421
minecraft:coal_ore,0,1269,8914,21797,33404,41784,41219,41741,42436,42592,41846,41276,41828,42393,42183,41810,43265,43299,42331,41274,41322,41817,41631,41846,42481,43473,43010,42124,42815,43420,43024,42524,42480,42178,42657,43546,43343,43305,43047,43204,43564,43709,43200,42915,43427,42970,42447,43454,43371,43162,43121,41895,40517,39117,37500,36081,33925,31025,28296,25779,23332,21660,20464,18536,16588,14846,13405,11070,8922,7245,6381,5809,5015,4402,4041,3598,3189,2892,2612,2264,2089,1813,1468,1365,1148,1019,857,742,733,576,482,535,451,381,334,354,328,283,267,257,218,191,207,196,129,126,115,104,113,99,80,56,33,11,5,0,0,0,0,0,0,0,0,0,0,0,0,0,0,2552819,0.4691427994,0.8932516484
minecraft:grass_block,0,0,0,0,0,0,0,0,0,0,0,0,0,0,0,0,0,0,0,0,0,0,0,0,0,0,0,0,0,0,0,0,0,0,0,0,0,0,0,0,0,0,0,0,0,0,0,0,0,0,0,0,0,0,0,0,0,0,0,18,183,397,872,145471,59410,62017,149513,158869,173848,174315,178877,184852,91085,80566,71478,62383,52944,44230,38152,32563,32267,29535,26471,23808,19976,16946,14145,12527,15203,10995,10561,9566,7623,5272,4661,3923,3691,3754,3195,2820,2491,2161,2021,1667,1736,1764,1832,1796,1401,1267,962,1274,760,749,1005,1023,1059,554,421,722,92,0,0,0,0,0,0,0,0,2045739,0.3759544728,0.7158203281
minecraft:flowing_lava,0,0,61871,100607,142617,184231,190346,195436,198826,200468,194639,262,287,267,206,188,169,186,158,125,134,138,116,114,99,102,74,78,56,61,62,67,60,64,50,48,49,37,40,46,27,25,41,30,19,23,29,48,24,27,26,16,8,12,4,2,5,9,4,4,5,8,9,7,5,3,1,0,0,0,1,1,4,0,0,0,0,0,0,0,0,0,0,0,0,0,0,0,0,0,0,0,0,0,0,0,0,0,0,0,0,0,0,0,0,0,0,0,0,0,0,0,0,0,0,0,0,0,0,0,0,0,0,0,0,0,0,0,0,1472811,0.270664969,0.5153482693
minecraft:iron_ore,0,547,5252,13427,19459,24137,24039,24303,24290,24271,24485,24325,23923,23889,24020,24144,24387,24119,24196,24036,23792,24575,24630,24349,24312,24231,24282,24503,24517,24173,24226,24013,24417,24103,24574,24747,24710,24597,24830,24687,24631,24860,24217,24369,24551,24502,24614,25051,24840,24785,24077,23859,22707,22064,21329,20032,19018,17467,15990,14608,13602,12205,11205,10426,9702,7691,3590,598,0,0,0,0,0,0,0,0,0,0,0,0,0,0,0,0,0,0,0,0,0,0,0,0,0,0,0,0,0,0,0,0,0,0,0,0,0,0,0,0,0,0,0,0,0,0,0,0,0,0,0,0,0,0,0,0,0,0,0,0,0,1406107,0.2584064809,0.4920080098
minecraft:sandstone,0,0,0,0,0,0,0,0,0,0,0,0,0,0,0,0,0,0,0,0,0,0,0,0,0,0,0,0,0,0,0,0,0,0,0,0,0,0,0,0,0,0,0,0,0,11,229,918,2606,5152,7856,9566,10220,16621,38517,84361,141731,184025,192638,170416,125856,76213,38955,18984,16589,20361,20879,18028,13421,10797,8954,7299,6053,4867,4526,4314,3918,3446,2855,2213,1946,1659,1460,1268,1239,1181,1161,961,832,630,533,381,275,153,132,165,145,130,83,35,28,31,31,59,55,33,4,0,0,0,0,0,0,0,0,0,0,0,0,0,0,0,0,0,0,0,0,0,0,1288005,0.2367023559,0.4506831818
minecraft:oak_leaves,0,0,0,0,0,0,0,0,0,0,0,0,0,0,0,0,0,0,0,0,0,0,0,0,0,0,0,0,0,0,0,0,0,0,0,0,0,0,0,0,0,0,0,0,0,0,0,0,0,0,2,3,7,10,18,12,16,16,4,0,0,0,0,0,23,3994,9331,14265,19235,26477,36116,44401,49948,55680,58568,59916,59695,58163,55396,51395,46665,40297,34077,28048,22707,18846,16255,14546,13094,11689,10567,9338,8714,8040,7001,6143,5436,4884,4691,4623,4373,3580,3017,2767,2592,2302,1866,1646,1566,1485,1265,1233,1273,1205,1181,1186,1155,1122,1118,1180,1257,1339,1223,1048,897,637,494,342,0,962701,0.176919806,0.3368567279
minecraft:redstone_ore,0,850,7225,19050,27229,34130,33601,33718,34334,34447,34003,34218,34107,34105,33469,34000,34129,30925,17059,3467,0,0,0,0,0,0,0,0,0,0,0,0,0,0,0,0,0,0,0,0,0,0,0,0,0,0,0,0,0,0,0,0,0,0,0,0,0,0,0,0,0,0,0,0,0,0,0,0,0,0,0,0,0,0,0,0,0,0,0,0,0,0,0,0,0,0,0,0,0,0,0,0,0,0,0,0,0,0,0,0,0,0,0,0,0,0,0,0,0,0,0,0,0,0,0,0,0,0,0,0,0,0,0,0,0,0,0,0,0,514066,0.0944721746,0.1798757773
minecraft:oak_leaves,0,0,0,0,0,0,0,0,0,0,0,0,0,0,0,0,0,0,0,0,0,0,0,0,0,0,0,0,0,0,0,0,0,0,0,0,0,0,0,0,0,0,0,0,0,0,0,0,0,0,1,7,10,9,5,7,0,0,0,0,0,0,0,4,98,1897,4679,8191,12306,17042,22554,27090,30877,33238,33623,32853,30978,27958,24771,21093,17637,14191,11489,9268,7858,7070,6387,5917,5359,4826,4381,3899,3664,3352,3218,3020,2862,2454,2144,1886,1636,1399,1243,1114,955,790,760,607,517,504,460,530,527,535,489,412,338,318,326,281,216,180,160,124,72,48,14,3,0,464731,0.0854056642,0.1626130689
minecraft:snow,0,0,0,0,0,0,0,0,0,0,0,0,0,0,0,0,0,0,0,0,0,0,0,0,0,0,0,0,0,0,0,0,0,0,0,0,0,1,1,0,0,1,0,0,0,0,0,1,0,0,0,3,6,5,13,3,17,9,41,40,200,172,180,514,40919,15710,17378,20785,21472,26104,29224,31934,32319,17133,14943,12020,11409,9807,7454,6972,6525,6770,6131,5356,4887,3643,2847,2687,2381,2906,1932,1924,1687,1404,1422,1061,893,749,851,659,608,525,489,418,347,389,333,309,247,214,228,188,187,106,41,52,28,28,27,25,21,14,27,11,10,9,7,3,0,378396,0.0695395007,0.1324037665
minecraft:lava,0,445,10656,16593,22324,28016,29512,30430,30868,31320,29356,3403,4318,3324,3465,2703,2854,2669,2471,3090,2559,2662,2196,1945,1731,1987,2174,2194,1637,1931,2974,2149,1889,1473,1786,2155,1564,1482,1399,1189,1216,1208,1256,1447,1285,1411,1724,1603,1312,1320,1496,1051,528,527,747,936,504,684,283,566,287,190,426,88,67,111,72,119,129,4,18,2,10,2,2,2,3,1,1,26,76,0,0,0,0,0,0,0,0,0,0,0,0,0,0,0,0,0,0,0,0,0,0,0,0,0,0,0,0,0,0,0,0,0,0,0,0,0,0,0,0,0,0,0,0,0,0,0,0,319633,0.0587403652,0.111842126
minecraft:ice,0,0,0,0,0,0,0,0,0,0,0,0,0,0,0,0,0,0,0,0,0,0,0,0,0,0,0,0,0,0,0,0,0,0,0,0,0,0,0,0,0,0,0,0,0,0,0,0,0,0,0,0,0,0,0,0,0,0,0,0,0,0,35,161689,0,1,1,0,0,5,1,0,0,0,0,0,0,0,1,0,0,0,0,0,0,0,0,0,0,0,0,0,0,0,0,0,0,0,0,0,0,0,0,0,0,0,0,0,0,0,0,0,0,0,0,0,0,0,0,0,0,0,0,0,0,0,0,0,0,161733,0.0297223863,0.0565916616
minecraft:gold_ore,0,127,984,2689,3896,4762,4934,4826,4811,4892,4643,4730,4928,4912,4844,4867,4769,4867,4912,4902,4749,4817,4767,4764,4803,4798,4796,5109,5048,4989,5047,4932,4790,4293,2446,460,0,0,0,0,0,0,0,0,0,0,0,0,0,0,0,0,0,0,0,0,0,0,0,0,0,0,0,0,0,0,0,0,0,0,0,0,0,0,0,0,0,0,0,0,0,0,0,0,0,0,0,0,0,0,0,0,0,0,0,0,0,0,0,0,0,0,0,0,0,0,0,0,0,0,0,0,0,0,0,0,0,0,0,0,0,0,0,0,0,0,0,0,0,150903,0.0277321094,0.0528021585
minecraft:oak_log,0,0,0,0,0,0,0,0,0,0,0,0,0,0,0,0,0,0,0,0,0,0,0,0,0,0,0,0,0,0,0,0,0,0,0,0,0,0,0,0,0,0,0,0,0,0,1,1,1,1,3,5,2,1,1,0,0,0,0,0,0,0,1,10,1067,1505,1911,3000,4260,5227,5996,6645,7160,7007,6720,6300,5762,5016,4269,3510,2829,2309,1898,1647,1424,1263,1209,1090,959,889,803,708,650,623,559,552,478,409,369,310,281,261,231,183,170,171,131,121,130,119,121,122,133,127,106,97,104,118,102,100,90,78,65,54,29,13,6,1,0,99624,0.0183083416,0.034859229
minecraft:birch_leaves,0,0,0,0,0,0,0,0,0,0,0,0,0,0,0,0,0,0,0,0,0,0,0,0,0,0,0,0,0,0,0,0,0,0,0,0,0,0,0,0,0,0,0,0,0,0,0,0,0,0,0,0,0,0,0,0,0,0,0,0,0,0,0,0,0,0,890,2286,3616,4248,4734,5819,6348,6145,5659,4779,3973,2971,2020,1692,1459,1387,944,786,696,590,530,453,490,336,237,311,282,265,318,350,342,200,143,142,119,146,125,120,108,84,105,71,43,45,78,63,74,112,109,100,110,74,30,102,141,92,128,136,62,29,9,0,0,67856,0.0124701962,0.0237433535
minecraft:diamond_ore,0,113,907,2338,3335,4315,4329,4264,4266,4404,4277,4278,4425,4357,4134,4244,4205,3835,2069,429,0,0,0,0,0,0,0,0,0,0,0,0,0,0,0,0,0,0,0,0,0,0,0,0,0,0,0,0,0,0,0,0,0,0,0,0,0,0,0,0,0,0,0,0,0,0,0,0,0,0,0,0,0,0,0,0,0,0,0,0,0,0,0,0,0,0,0,0,0,0,0,0,0,0,0,0,0,0,0,0,0,0,0,0,0,0,0,0,0,0,0,0,0,0,0,0,0,0,0,0,0,0,0,0,0,0,0,0,0,64524,0.0118578599,0.0225774602
minecraft:grass,0,0,0,0,0,0,0,0,0,0,0,0,2,2,0,0,0,0,0,0,0,0,0,0,0,0,0,0,0,0,0,0,0,0,0,0,0,0,0,0,0,0,0,0,0,0,0,0,0,0,0,0,0,0,0,0,0,0,0,0,2,9,24,53,7693,2678,2912,5400,5344,5726,5684,5125,4572,2442,2115,1773,1573,1267,972,685,530,614,605,611,446,388,256,219,214,334,192,170,202,219,109,116,96,79,94,74,46,37,31,26,30,28,36,49,50,30,29,26,41,30,36,23,21,15,2,5,0,0,0,0,0,0,0,0,0,62212,0.0114329734,0.021768473
minecraft:lapis_ore,0,4,70,231,480,728,922,1232,1488,1739,1893,2118,2303,2526,2822,3040,3307,3435,3403,3284,3140,2795,2583,2312,2232,1962,1627,1546,1256,1025,838,651,333,128,29,0,0,0,0,0,0,0,0,0,0,0,0,0,0,0,0,0,0,0,0,0,0,0,0,0,0,0,0,0,0,0,0,0,0,0,0,0,0,0,0,0,0,0,0,0,0,0,0,0,0,0,0,0,0,0,0,0,0,0,0,0,0,0,0,0,0,0,0,0,0,0,0,0,0,0,0,0,0,0,0,0,0,0,0,0,0,0,0,0,0,0,0,0,0,57482,0.0105637205,0.0201134085
minecraft:birch_leaves,0,0,0,0,0,0,0,0,0,0,0,0,0,0,0,0,0,0,0,0,0,0,0,0,0,0,0,0,0,0,0,0,0,0,0,0,0,0,0,0,0,0,0,0,0,0,0,0,0,0,0,0,0,0,0,0,0,0,0,0,0,0,0,0,0,0,444,1104,2001,2697,3280,3913,4267,4519,4434,3919,3475,2820,2178,1739,1399,1207,908,753,579,435,425,371,374,291,259,280,242,287,259,286,275,209,198,133,102,122,115,111,99,92,90,70,55,46,45,42,37,41,39,43,45,46,24,22,17,13,15,16,9,4,1,0,0,51321,0.0094314864,0.0179576256
minecraft:cobblestone,0,0,3,2,2,0,23,30,30,34,213,570,680,850,1123,1008,868,937,815,774,795,785,799,772,749,806,842,791,826,809,749,761,766,819,870,876,780,916,749,751,784,718,685,802,735,723,695,544,624,671,610,631,625,510,541,536,472,411,400,400,446,470,475,475,325,292,256,160,129,77,62,70,73,83,102,47,31,46,24,25,28,14,22,22,23,23,0,0,0,0,0,0,0,0,0,0,0,0,0,0,0,0,0,0,0,0,0,0,0,0,0,0,0,0,0,0,0,0,0,0,0,0,0,0,0,0,0,0,0,39890,0.0073307611,0.0139578279
minecraft:spruce_leaves,0,0,0,0,0,0,0,0,0,0,0,0,0,0,0,0,0,0,0,0,0,0,0,0,0,0,0,0,0,0,0,0,0,0,0,0,0,0,0,0,0,0,0,0,0,0,0,0,0,0,0,0,0,0,0,0,0,0,0,0,0,0,0,0,0,225,765,928,942,1482,1948,2864,3011,3329,3404,2738,2377,2152,1715,1302,1220,972,639,638,399,416,351,369,352,180,204,210,132,155,104,58,42,30,28,24,4,68,110,42,54,31,75,49,71,23,63,37,16,33,3,2,5,0,0,0,0,0,0,0,0,0,0,0,0,36391,0.0066877345,0.0127335
minecraft:spruce_leaves,0,0,0,0,0,0,0,0,0,0,0,0,0,0,0,0,0,0,0,0,0,0,0,0,0,0,0,0,0,0,0,0,0,0,0,0,0,0,0,0,0,0,0,0,0,0,0,0,0,0,0,0,0,0,0,0,0,0,0,0,0,0,0,0,0,187,458,627,795,1131,1548,2058,2408,2575,2538,2231,1994,1686,1391,1079,901,723,590,491,388,339,342,295,266,173,161,145,129,122,94,61,48,30,34,15,6,33,46,45,42,36,45,33,41,32,28,24,19,21,13,1,0,0,0,0,0,0,0,0,0,0,0,0,0,28518,0.0052408786,0.0099786748
minecraft:mossy_cobblestone,0,0,0,0,0,0,58,0,0,0,570,549,205,617,447,247,272,332,387,307,250,292,404,244,410,358,363,322,380,282,171,474,306,567,242,187,455,518,96,325,232,290,600,158,250,263,215,288,419,189,180,253,246,183,299,170,88,154,177,357,174,132,196,54,113,90,61,0,0,0,113,50,0,40,0,0,53,0,0,0,0,35,0,0,0,0,0,0,0,0,0,0,0,0,0,0,0,0,0,0,0,0,0,0,0,0,0,0,0,0,0,0,0,0,0,0,0,0,0,0,0,0,0,0,0,0,0,0,0,16759,0.0030798753,0.0058641072
minecraft:birch_log,0,0,0,0,0,0,0,0,0,0,0,0,0,0,0,0,0,0,0,0,0,0,0,0,0,0,0,0,0,0,0,0,0,0,0,0,0,0,0,0,0,0,0,0,0,0,0,0,0,0,0,0,0,0,0,0,0,0,0,0,0,0,0,0,216,306,414,627,839,1006,1079,1115,1150,1059,914,764,626,494,399,308,250,215,178,142,118,112,92,81,69,69,63,58,67,63,60,56,49,46,34,29,26,27,27,24,18,17,14,15,14,11,11,14,17,16,15,14,15,15,13,12,14,15,10,7,6,2,0,0,0,13556,0.0024912459,0.0047433521
minecraft:spruce_log,0,0,0,0,0,0,0,0,0,0,0,0,0,0,0,0,0,0,0,0,0,0,0,0,0,0,0,0,0,0,0,0,0,0,0,0,0,0,0,0,0,0,0,0,0,0,0,0,0,0,0,0,0,0,0,0,0,0,0,0,0,0,0,0,107,144,189,288,392,534,639,714,721,705,649,593,503,394,305,236,192,162,133,116,106,94,84,70,59,51,45,36,30,24,16,16,12,10,9,8,10,12,12,10,14,12,13,12,11,9,7,7,5,4,1,0,0,0,0,0,0,0,0,0,0,0,0,0,0,8525,0.0015666768,0.0029829652
minecraft:obsidian,0,0,13,23,25,12,9,11,18,32,7391,9,26,31,16,26,20,3,29,8,3,5,0,8,4,8,6,6,14,9,11,3,7,0,5,14,17,33,0,7,7,4,18,5,12,0,7,0,0,5,0,0,0,0,7,0,0,0,0,0,0,0,0,0,0,0,0,0,0,0,0,0,0,0,0,0,0,0,0,0,0,0,0,0,0,0,0,0,0,0,0,0,0,0,0,0,0,0,0,0,0,0,0,0,0,0,0,0,0,0,0,0,0,0,0,0,0,0,0,0,0,0,0,0,0,0,0,0,0,7927,0.0014567797,0.0027737203
minecraft:flowing_water,0,1,9,37,18,23,0,15,16,8,8,1530,188,152,134,145,116,111,167,98,96,117,132,128,93,75,103,70,103,77,57,87,71,42,75,51,101,72,87,61,48,62,45,61,47,60,38,58,56,74,23,18,19,31,18,23,16,13,8,1,2,36,113,146,3,5,3,16,9,16,4,13,0,2,1,2,0,0,7,0,0,1,0,1,1,0,4,2,0,1,0,0,0,1,0,0,0,0,0,0,0,0,0,0,0,0,0,0,0,0,0,0,0,0,0,0,0,0,0,0,0,0,0,0,0,0,0,0,0,5582,0.0010258287,0.0019531861
minecraft:fern,0,0,0,0,0,0,0,0,0,0,0,1,1,0,0,0,0,0,0,0,0,0,0,0,0,0,0,0,0,0,0,0,0,0,0,0,0,0,0,0,0,0,0,0,0,0,0,0,0,0,0,0,0,0,0,0,0,0,0,0,0,0,3,6,518,115,89,453,411,457,443,413,341,280,243,185,77,94,71,67,62,47,28,17,13,11,3,1,1,7,13,3,0,0,0,0,0,0,0,0,0,0,0,0,0,0,0,0,0,0,0,0,0,0,0,0,0,0,0,0,0,0,0,0,0,0,0,0,0,4474,0.0008222067,0.0015654881
minecraft:clay,0,0,0,0,0,0,0,0,0,0,0,0,0,0,0,0,0,0,0,0,0,0,0,0,0,0,0,0,0,0,0,0,0,0,0,0,0,0,0,0,0,0,0,0,0,0,0,0,0,0,0,0,0,0,0,7,9,58,145,380,730,635,630,523,284,143,3,0,0,0,0,0,0,0,0,0,0,0,0,0,0,0,0,0,0,0,0,0,0,0,0,0,0,0,0,0,0,0,0,0,0,0,0,0,0,0,0,0,0,0,0,0,0,0,0,0,0,0,0,0,0,0,0,0,0,0,0,0,0,3547,0.0006518478,0.0012411235
minecraft:dandelion,0,0,0,0,0,0,0,0,0,0,0,0,0,0,0,0,0,0,0,0,0,0,0,0,0,0,0,0,0,0,0,0,0,0,0,0,0,0,0,0,0,0,0,0,0,0,0,0,0,0,0,0,0,0,0,0,0,0,0,0,0,0,1,3,322,115,104,279,258,226,252,285,296,121,89,100,72,53,69,42,31,32,31,43,25,21,25,19,21,19,21,24,33,27,17,11,7,10,12,10,10,7,9,3,3,3,4,4,3,10,10,4,3,1,0,1,4,4,6,3,0,2,0,0,0,0,0,0,0,3220,0.0005917536,0.0011267036
minecraft:poppy,0,0,0,0,0,0,0,0,0,0,0,1,0,0,0,0,0,0,0,0,0,0,0,0,0,0,0,0,0,0,0,0,0,0,0,0,0,0,0,0,0,0,0,0,0,0,0,0,0,0,0,0,0,0,0,0,0,0,0,0,0,0,0,0,120,43,41,117,119,129,101,91,133,66,78,39,52,36,28,45,25,33,17,23,9,26,12,14,6,10,16,6,12,4,4,4,3,3,1,0,0,1,1,1,0,0,0,0,0,2,1,0,0,2,0,0,0,0,3,16,8,0,0,0,0,0,0,0,0,1502,0.0002760292,0.0005255617
minecraft:brown_mushroom,0,0,0,0,0,0,0,2,1,0,1,10,16,23,26,36,32,24,40,26,27,14,19,13,11,12,14,20,11,20,18,11,16,13,9,17,12,15,12,21,14,22,23,15,19,16,23,14,9,6,7,4,7,20,9,16,8,7,10,4,3,1,6,5,7,7,7,6,17,24,11,20,15,2,6,8,13,10,2,3,1,0,0,1,0,1,0,0,0,8,1,3,3,0,0,0,0,1,0,0,0,0,0,0,0,0,0,0,0,0,0,0,0,1,0,0,0,0,0,0,0,0,0,0,0,0,0,0,0,988,0.0001815691,0.000345709
minecraft:chest,0,0,0,0,0,0,0,1,0,0,0,22,16,7,18,14,9,10,9,12,14,10,9,10,9,13,10,13,12,11,9,5,18,8,22,10,6,11,16,4,10,10,8,18,4,9,8,8,8,16,7,4,9,9,7,8,5,3,4,5,12,4,3,8,1,3,3,2,0,0,0,3,2,0,1,0,0,2,0,0,0,0,2,0,0,0,0,0,0,0,0,0,0,0,0,0,0,0,0,0,0,0,0,0,0,0,0,0,0,0,0,0,0,0,0,0,0,0,0,0,0,0,0,0,0,0,0,0,0,544,0.0000999733,0.0001903499
minecraft:red_mushroom,0,0,0,0,0,0,0,0,0,0,0,10,15,11,9,7,5,0,7,12,16,4,5,7,20,24,13,9,3,8,5,11,6,11,5,3,11,2,7,6,8,10,17,7,5,2,5,8,6,12,7,10,6,4,5,3,2,1,2,1,2,0,2,1,1,2,3,8,7,1,1,11,15,3,2,1,2,5,4,3,1,0,0,1,0,0,0,0,0,1,1,0,0,0,1,1,2,0,0,0,0,0,0,0,0,0,0,0,0,0,0,0,0,0,0,0,0,0,0,0,0,0,0,0,0,0,0,0,0,455,0.0000836174,0.0001592081
minecraft:cactus,0,0,0,0,0,0,0,0,0,0,0,0,0,0,0,0,0,0,0,0,0,0,0,0,0,0,0,0,0,0,0,0,0,0,0,0,0,0,0,0,0,0,0,0,0,0,0,0,0,0,0,0,0,0,0,0,0,0,0,0,0,0,0,0,24,14,18,17,18,33,25,42,56,39,18,14,12,7,8,9,9,4,4,0,0,1,1,1,1,0,2,0,2,2,1,0,1,2,1,1,2,0,0,0,0,0,0,0,0,0,0,0,0,0,0,0,0,0,0,0,0,0,0,0,0,0,0,0,0,389,0.0000714882,0.0001361142
minecraft:spawner,0,0,0,0,0,0,0,1,0,0,0,12,11,4,12,9,6,6,6,8,8,6,6,8,5,8,7,8,7,8,6,4,10,6,12,5,4,8,11,2,6,5,6,11,4,5,5,5,6,9,4,4,5,5,4,6,3,2,3,3,7,4,3,4,1,2,2,1,0,0,0,2,1,0,1,0,0,1,0,0,0,0,1,0,0,0,0,0,0,0,0,0,0,0,0,0,0,0,0,0,0,0,0,0,0,0,0,0,0,0,0,0,0,0,0,0,0,0,0,0,0,0,0,0,0,0,0,0,0,345,0.0000634022,0.0001207182
minecraft:sugar_cane,0,0,0,0,0,0,0,0,0,0,0,0,0,0,0,0,0,0,0,0,0,0,0,0,0,1,1,0,0,0,0,0,0,0,0,0,0,0,0,0,0,0,0,0,0,0,0,0,0,0,0,0,0,0,0,0,0,0,0,0,0,0,0,0,112,112,45,18,4,3,4,5,4,2,0,0,0,1,1,1,1,0,0,0,0,0,0,0,0,0,0,0,0,0,0,0,0,0,0,0,0,0,0,0,0,0,0,0,0,0,0,0,0,0,0,0,0,0,0,0,0,0,0,0,0,0,0,0,0,315,0.0000578889,0.000110221
minecraft:dead_bush,0,0,0,0,0,0,0,0,0,0,0,0,0,0,0,0,0,0,0,0,0,0,0,0,0,0,0,0,0,0,0,0,0,0,0,0,0,0,0,0,0,0,0,0,0,0,0,0,0,0,0,0,0,0,0,0,0,0,0,0,0,0,0,0,37,14,10,14,11,18,20,29,30,14,9,8,9,4,6,1,3,7,7,1,4,2,0,0,0,0,0,0,2,0,1,0,0,0,0,1,0,0,0,0,0,0,0,0,1,0,0,0,0,0,0,0,0,0,0,0,0,0,0,0,0,0,0,0,0,263,0.0000483327,0.0000920258
minecraft:carved_pumpkin,0,0,0,0,0,0,0,0,0,0,0,0,0,0,0,0,0,0,0,0,0,0,0,0,0,0,0,0,0,0,0,0,0,0,0,0,0,0,0,0,0,0,0,0,0,0,0,0,0,0,0,0,0,0,0,0,0,0,0,0,0,0,0,0,7,1,2,13,7,10,2,0,3,17,6,4,4,5,0,1,0,0,4,0,0,1,8,3,1,0,0,0,1,0,0,0,0,0,0,0,0,0,0,0,0,0,0,0,0,0,0,0,0,0,0,0,0,0,0,0,0,0,0,0,0,0,0,0,0,100,0.0000183774,0.0000349908
